taxid	length	width	volume	surface	order	class	phylum	superkingdom	rank	node	genome	gc	proteins	coding	rrnas
txid1161	4.823721270622925	4.823721270622925	58.76858542892233	73.09947917616681	Nostocales		Cyanobacteria	Bacteria	order	N4683	6582806.069213587	40.65902840322778	5806.569213588413	80.89134184752936	2.569213588412963
txid52604	11.486964065223436	11.486964065223436	793.6232998247748	414.5342295763536	Pleurocapsales		Cyanobacteria	Bacteria	order	N4319	6482871.858799539	38.793799538775005	5873.358799538775	84.81224424618954	2.108799538775
txid307595	1.095445115010332	1.095445115010332	0.6882884651454569	3.7699111843077513	Gloeobacterales	Gloeobacteria	Cyanobacteria	Bacteria	order	N316	4691905.063253323	61.33325332255	4498.06325332255	89.70506236812145	1.06325332255
txid1890443	2.0	2.0	4.188790204786391	12.56637061435917	Spirulinales		Cyanobacteria	Bacteria	order	N3278	5335262.77925952	49.239259519533334	4636.779259519534	84.93520599997123	1.7792595195333334
txid1890505	5.146551493923857	5.146551493923857	71.37524134131945	83.21134036131201	Chroococcidiopsidales		Cyanobacteria	Bacteria	order	N4682	5551326.897357958	43.093357958860004	5139.89735795886	85.07107041674139	1.8973579588600002
