lambda	pval0	pval1	sigsq	sigsq_unb	lnL
topt	0.985721194291956	0	0.000224096229282949	171.076040952992	171.125917349771	-11051.7066338718
