y	x	slope	intercept	fstatistic	r.squared	adj.r.squared	P
log_svratio	log_genome	0.184483816745062	-4.76665028468731	28.9227656912674	0.00534921006728486	0.00516426198436685	7.85056739616152e-08
log_svratio	log_proteins	0.185285089493186	-3.49458785303276	28.0924632929317	0.0051964452113385	0.00501146872290616	1.20270387871102e-07
log_svratio	gc	0.00103766845264023	-2.09739699915881	0.430680993283815	8.00755868818369e-05	-0.000105852253284306	0.51168306087594
log_svratio	coding	-0.00863500992513378	-1.28235660601821	6.28443546064703	0.00116718117996479	0.000981455479180044	0.0122095515799181
log_svratio	rrnas	-0.000647099510776971	-2.04850310119563	0.0317318023924629	5.90026313991797e-06	-0.000180041369388391	0.858624272822696
log_svratio	ENCprime	0.0640253736120772	-2.05473993401456	0.162224002745982	3.01634640215901e-05	-0.000155773656940862	0.687133140577518
log_svratio	MILC	-0.0177263257524638	-2.05297175963089	0.115866310375034	2.15440338689698e-05	-0.000164394689813857	0.733575083243436
