taxid	length	width	volume	surface	class	phylum	superkingdom
307596	1.095445115010332	1.095445115010332	0.6882884651454569	3.7699111843077513	Gloeobacteria	Cyanobacteria	Bacteria
