taxid	length	width	volume	surface	phylum	superkingdom
201174	1.4162130395279922	0.6081710827528751	0.3356819408872152	2.7058531796941065	Actinobacteria	Bacteria
