taxid	length	width	volume	surface	superkingdom
2	1.4162130395279922	0.6081710827528751	0.3356819408872152	2.7058531796941065	Bacteria
