taxid	length	width	volume	surface	superkingdom
2	3.1741161994980542	0.8042137992099784	1.3476912554726963	8.019443186437407	Bacteria
2157	0.4	0.4	0.03351032163829113	0.5026548245743669	Archaea
