taxid	length	width	volume	surface	superkingdom
2	3.39129994286852	3.39129994286852	20.42195100918306	36.13119102389255	Bacteria
