taxid	length	width	volume	surface	superkingdom
2157	1.8393675982794762	0.8207310041235539	0.7502843317744606	4.742630001182535	Archaea
