taxid	length	width	volume	surface	superkingdom
2	1.8100295060369396	0.2703062700572859	0.09186576767748347	1.5370629242347154	Bacteria
